phylum,class,order,familly,genus,species
Arthropoda,Malacostraca,Amphipoda,Melitidae,Abludomelita,Abludomelita obtusata
Mollusca,Bivalvia,Cardiida,Semelidae,Abra,Abra alba
Mollusca,Bivalvia,Cardiida,Semelidae,Abra,Abra nitida
Mollusca,Bivalvia,Cardiida,Semelidae,Abra,Abra prismatica
Mollusca,Bivalvia,Cardiida,Semelidae,Abra,Abra segmentum
Mollusca,Bivalvia,Cardiida,Semelidae,Abra,Abra tenuis
Mollusca,Bivalvia,Cardiida,Cardiidae,Acanthocardia,Acanthocardia echinata
Mollusca,Bivalvia,Cardiida,Cardiidae,Acanthocardia,Acanthocardia tuberculata
Mollusca,Polyplacophora,Chitonida,Acanthochitonidae,Acanthochitona,Acanthochitona crinita
Mollusca,Polyplacophora,Chitonida,Acanthochitonidae,Acanthochitona,Acanthochitona fascicularis
Mollusca,Gastropoda,Nudibranchia,Onchidorididae,Acanthodoris,Acanthodoris pilosa
Arthropoda,Malacostraca,Amphipoda,Oedicerotidae,Acanthostepheia,Acanthostepheia malmgreni
Arthropoda,Pycnogonida,Pantopoda,Ammotheidae,Achelia,Achelia echinata
Echinodermata,Ophiuroidea,Ophiurida,Amphiuridae,Acrocnida,Acrocnida brachiata
Mollusca,Gastropoda,Patellogastropoda,Acteonidae,Acteon,Acteon tornatilis
Cnidaria,Anthozoa,Actiniaria,Actiniidae,Actinia,Actinia equina
Mollusca,Gastropoda,Nudibranchia,Onchidorididae,Adalaria,Adalaria proxima
Mollusca,Gastropoda,Nudibranchia,Aeolidiidae,Aeolidia,Aeolidia papillosa
Mollusca,Bivalvia,Pectinida,Pectinidae,Aequipecten,Aequipecten opercularis
Arthropoda,Malacostraca,Decapoda,Ocypodidae,Afruca,Afruca tangeri
Porifera,Demospongiae,Agelasida,Agelasidae,Agelas,Agelas oroides
Cnidaria,Anthozoa,Alcyonacea,Alcyoniidae,Alcyonium,Alcyonium acaule
Cnidaria,Anthozoa,Alcyonacea,Alcyoniidae,Alcyonium,Alcyonium coralloides
Cnidaria,Anthozoa,Alcyonacea,Alcyoniidae,Alcyonium,Alcyonium digitatum
Cnidaria,Anthozoa,Alcyonacea,Alcyoniidae,Alcyonium,Alcyonium glomeratum
Cnidaria,Anthozoa,Alcyonacea,Alcyoniidae,Alcyonium,Alcyonium hibernicum
Cnidaria,Anthozoa,Alcyonacea,Alcyoniidae,Alcyonium,Alcyonium palmatum
Mollusca,Gastropoda,Sacoglossa,Limapontiidae,Alderia,Alderia modesta
Annelida,Polychaeta,Phyllodocida,Nereididae,Alitta,Alitta succinea
Annelida,Polychaeta,Phyllodocida,Nereididae,Alitta,Alitta virens
Mollusca,Cephalopoda,Myopsida,Loliginidae,Alloteuthis,Alloteuthis media
Mollusca,Cephalopoda,Myopsida,Loliginidae,Alloteuthis,Alloteuthis subulata
Arthropoda,Malacostraca,Amphipoda,Ampeliscidae,Ampelisca,Ampelisca armoricana
Arthropoda,Malacostraca,Amphipoda,Ampeliscidae,Ampelisca,Ampelisca brevicornis
Arthropoda,Malacostraca,Amphipoda,Ampeliscidae,Ampelisca,Ampelisca diadema
Arthropoda,Malacostraca,Amphipoda,Ampeliscidae,Ampelisca,Ampelisca eschrichtii
Arthropoda,Malacostraca,Amphipoda,Ampeliscidae,Ampelisca,Ampelisca macrocephala
Arthropoda,Malacostraca,Amphipoda,Ampeliscidae,Ampelisca,Ampelisca spinipes
Arthropoda,Malacostraca,Amphipoda,Ampeliscidae,Ampelisca,Ampelisca tenuicornis
Arthropoda,Malacostraca,Amphipoda,Ampeliscidae,Ampelisca,Ampelisca typica
Annelida,Polychaeta,Terebellida,Ampharetidae,Ampharete,Ampharete acutifrons
Arthropoda,Thecostraca,Balanomorpha,Balanidae,Amphibalanus,Amphibalanus amphitrite
Arthropoda,Thecostraca,Balanomorpha,Balanidae,Amphibalanus,Amphibalanus improvisus
Echinodermata,Ophiuroidea,Ophiurida,Amphiuridae,Amphipholis,Amphipholis squamata
Echinodermata,Ophiuroidea,Ophiurida,Amphiuridae,Amphiura,Amphiura chiajei
Echinodermata,Ophiuroidea,Ophiurida,Amphiuridae,Amphiura,Amphiura filiformis
Arthropoda,Malacostraca,Amphipoda,Uristidae,Anonyx,Anonyx nugax
Arthropoda,Malacostraca,Amphipoda,Uristidae,Anonyx,Anonyx sarsi
Echinodermata,Crinoidea,Antedonoidea,Antedonidae,Antedon,Antedon bifida
Echinodermata,Crinoidea,Antedonoidea,Antedonidae,Antedon,Antedon mediterranea
Cnidaria,Anthozoa,Antipatharia,Myriopathidae,Antipathella,Antipathella subpinnata
Cnidaria,Anthozoa,Antipatharia,Myriopathidae,Antipathella,Antipathella wollastoni
Cnidaria,Anthozoa,Antipatharia,Antipathidae,Antipathes,Antipathes dichotoma
Annelida,Polychaeta,Spionida,Spionidae,Aonides,Aonides paucibranchiata
Annelida,Polychaeta,Terebellida,Cirratulidae,Aphelochaeta,Aphelochaeta marioni
Arthropoda,Malacostraca,Amphipoda,Calliopiidae,Apherusa,Apherusa glacialis
Annelida,Polychaeta,Phyllodocida,Aphroditidae,Aphrodita,Aphrodita aculeata
Chordata,Ascidiacea,Aplousobranchia,Polyclinidae,Aplidium,Aplidium glabrum
Mollusca,Gastropoda,Aplysiida,Aplysiidae,Aplysia,Aplysia dactylomela
Mollusca,Gastropoda,Aplysiida,Aplysiidae,Aplysia,Aplysia depilans
Mollusca,Gastropoda,Aplysiida,Aplysiidae,Aplysia,Aplysia fasciata
Mollusca,Gastropoda,Aplysiida,Aplysiidae,Aplysia,Aplysia juliana
Mollusca,Gastropoda,Aplysiida,Aplysiidae,Aplysia,Aplysia punctata
Porifera,Demospongiae,Dendroceratida,Darwinellidae,Aplysilla,Aplysilla rosea
Porifera,Demospongiae,Dendroceratida,Darwinellidae,Aplysilla,Aplysilla sulfurea
Porifera,Demospongiae,Verongiida,Aplysinidae,Aplysina,Aplysina aerophoba
Porifera,Demospongiae,Verongiida,Aplysinidae,Aplysina,Aplysina cavernicola
Mollusca,Gastropoda,Littorinimorpha,Aporrhaidae,Aporrhais,Aporrhais pespelecani
Echinodermata,Echinoidea,Arbacioida,Arbaciidae,Arbacia,Arbacia lixula
Mollusca,Bivalvia,Arcida,Arcidae,Arca,Arca noae
Mollusca,Bivalvia,Venerida,Tellinidae,Arcopagia,Arcopagia crassa
Arthropoda,Thecostraca,Scalpellomorpha,Scalpellidae,Arcoscalpellum,Arcoscalpellum michelottianum
Mollusca,Bivalvia,Venerida,Arcticidae,Arctica,Arctica islandica
Annelida,Polychaeta,[unassigned] Sedentaria,Arenicolidae,Arenicola,Arenicola defodiens
Annelida,Polychaeta,[unassigned] Sedentaria,Arenicolidae,Arenicola,Arenicola marina
Arthropoda,Malacostraca,Decapoda,Aristeidae,Aristaeomorpha,Aristaeomorpha foliacea
Arthropoda,Malacostraca,Decapoda,Aristeidae,Aristeus,Aristeus antennatus
Mollusca,Gastropoda,Nudibranchia,Arminidae,Armina,Armina tigrina
Mollusca,Bivalvia,Venerida,Tellinidae,Asbjornsenia,Asbjornsenia pygmaea
Chordata,Ascidiacea,Phlebobranchia,Ascidiidae,Ascidia,Ascidia mentula
Chordata,Ascidiacea,Phlebobranchia,Ascidiidae,Ascidiella,Ascidiella aspersa
Chordata,Ascidiacea,Phlebobranchia,Ascidiidae,Ascidiella,Ascidiella scabra
Echinodermata,Holothuroidea,Dendrochirotida,Cucumariidae,Aslia,Aslia lefevrei
Mollusca,Gastropoda,Littorinimorpha,Assimineidae,Assiminea,Assiminea grayana
Mollusca,Bivalvia,Carditoida,Astartidae,Astarte,Astarte borealis
Mollusca,Bivalvia,Carditoida,Astartidae,Astarte,Astarte elliptica
Mollusca,Bivalvia,Carditoida,Astartidae,Astarte,Astarte montagui
Echinodermata,Asteroidea,Forcipulatida,Asteriidae,Asterias,Asterias rubens
Echinodermata,Asteroidea,Valvatida,Asterinidae,Asterina,Asterina gibbosa
Echinodermata,Asteroidea,Valvatida,Asterinidae,Asterina,Asterina phylactica
Cnidaria,Anthozoa,Scleractinia,Dendrophylliidae,Astroides,Astroides calycularis
Echinodermata,Asteroidea,Paxillosida,Astropectinidae,Astropecten,Astropecten aranciacus
Echinodermata,Asteroidea,Paxillosida,Astropectinidae,Astropecten,Astropecten irregularis
Mollusca,Bivalvia,Ostreida,Pinnidae,Atrina,Atrina fragilis
Porifera,Demospongiae,Axinellida,Axinellidae,Axinella,Axinella damicornis
Porifera,Demospongiae,Axinellida,Axinellidae,Axinella,Axinella polypoides
Cnidaria,Anthozoa,Scleractinia,Dendrophylliidae,Balanophyllia,Balanophyllia europaea
Arthropoda,Thecostraca,Balanomorpha,Balanidae,Balanus,Balanus balanus
Arthropoda,Thecostraca,Balanomorpha,Balanidae,Balanus,Balanus crenatus
Annelida,Clitellata,Haplotaxida,Naididae,Baltidrilus,Baltidrilus costatus
Mollusca,Bivalvia,Arcida,Arcidae,Barbatia,Barbatia barbata
Mollusca,Gastropoda,Littorinimorpha,Barleeiidae,Barleeia,Barleeia unifasciata
Mollusca,Bivalvia,Myida,Pholadidae,Barnea,Barnea candida
Mollusca,Bivalvia,Myida,Pholadidae,Barnea,Barnea parva
Mollusca,Bivalvia,Mytilida,Mytilidae,Bathymodiolus,Bathymodiolus azoricus
Mollusca,Cephalopoda,Octopoda,Bathypolypodidae,Bathypolypus,Bathypolypus arcticus
Arthropoda,Malacostraca,Amphipoda,Bathyporeiidae,Bathyporeia,Bathyporeia elegans
Arthropoda,Malacostraca,Amphipoda,Bathyporeiidae,Bathyporeia,Bathyporeia gracilis
Arthropoda,Malacostraca,Amphipoda,Bathyporeiidae,Bathyporeia,Bathyporeia guilliamsoniana
Arthropoda,Malacostraca,Amphipoda,Bathyporeiidae,Bathyporeia,Bathyporeia pelagica
Arthropoda,Malacostraca,Amphipoda,Bathyporeiidae,Bathyporeia,Bathyporeia pilosa
Arthropoda,Malacostraca,Amphipoda,Bathyporeiidae,Bathyporeia,Bathyporeia sarsi
Arthropoda,Malacostraca,Amphipoda,Bathyporeiidae,Bathyporeia,Bathyporeia tenuipes
Mollusca,Gastropoda,Neogastropoda,Mangeliidae,Bela,Bela nebula
Mollusca,Gastropoda,[unassigned] Caenogastropoda,Cerithiidae,Bittium,Bittium reticulatum
Annelida,Polychaeta,Spionida,Spionidae,Boccardia,Boccardia polybranchia
Arthropoda,Malacostraca,Cumacea,Bodotriidae,Bodotria,Bodotria arenosa
Arthropoda,Malacostraca,Cumacea,Bodotriidae,Bodotria,Bodotria scorpioides
Chordata,Ascidiacea,Stolidobranchia,Pyuridae,Boltenia,Boltenia echinata
Mollusca,Gastropoda,Nudibranchia,Flabellinidae,Borealea,Borealea nobilis
Mollusca,Polyplacophora,Chitonida,Tonicellidae,Boreochiton,Boreochiton ruber
Arthropoda,Malacostraca,Mysida,Mysidae,Boreomysis,Boreomysis arctica
Chordata,Ascidiacea,Stolidobranchia,Styelidae,Botryllus,Botryllus schlosseri
Arthropoda,Malacostraca,Decapoda,Varunidae,Brachynotus,Brachynotus gemmellari
Arthropoda,Malacostraca,Decapoda,Varunidae,Brachynotus,Brachynotus sexdentatus
Chordata,Leptocardii,[unassigned] Leptocardii,Branchiostomatidae,Branchiostoma,Branchiostoma lanceolatum
Mollusca,Bivalvia,Nuculida,Nuculidae,Brevinucula,Brevinucula verrillii
Echinodermata,Echinoidea,Spatangoida,Brissidae,Brissopsis,Brissopsis lyrifera
Arthropoda,Malacostraca,Amphipoda,Talitridae,Britorchestia,Britorchestia brito
Mollusca,Gastropoda,Neogastropoda,Buccinidae,Buccinum,Buccinum undatum
Arthropoda,Malacostraca,Amphipoda,Ampeliscidae,Byblis,Byblis gaimardii
Annelida,Polychaeta,Phyllodocida,Polynoidae,Bylgides,Bylgides sarsi
Mollusca,Gastropoda,Nudibranchia,Cadlinidae,Cadlina,Cadlina laevis
Arthropoda,Malacostraca,Decapoda,Callianassidae,Callianassa,Callianassa subterranea
Mollusca,Bivalvia,Venerida,Veneridae,Callista,Callista chione
Arthropoda,Malacostraca,Decapoda,Axiidae,Calocarides,Calocarides coronatus
Arthropoda,Malacostraca,Decapoda,Axiidae,Calocaris,Calocaris macandreae
Arthropoda,Malacostraca,Decapoda,Cancridae,Cancer,Cancer borealis
Arthropoda,Malacostraca,Decapoda,Cancridae,Cancer,Cancer pagurus
Annelida,Polychaeta,Capitellida,Capitellidae,Capitella,Capitella capitata
Annelida,Polychaeta,Capitellida,Capitellidae,Capitella,Capitella teleta
Arthropoda,Malacostraca,Amphipoda,Caprellidae,Caprella,Caprella equilibra
Arthropoda,Malacostraca,Amphipoda,Caprellidae,Caprella,Caprella grandimana
Arthropoda,Malacostraca,Amphipoda,Caprellidae,Caprella,Caprella linearis
Arthropoda,Malacostraca,Amphipoda,Caprellidae,Caprella,Caprella septentrionalis
Arthropoda,Malacostraca,Decapoda,Carcinidae,Carcinus,Carcinus aestuarii
Arthropoda,Malacostraca,Decapoda,Carcinidae,Carcinus,Carcinus maenas
Cnidaria,Anthozoa,Scleractinia,Caryophylliidae,Caryophyllia,Caryophyllia inornata
Cnidaria,Anthozoa,Scleractinia,Caryophylliidae,Caryophyllia,Caryophyllia smithii
Bryozoa,Gymnolaemata,Cheilostomatida,Cellariidae,Cellaria,Cellaria sinuosa
Mollusca,Bivalvia,Cardiida,Cardiidae,Cerastoderma,Cerastoderma edule
Mollusca,Bivalvia,Cardiida,Cardiidae,Cerastoderma,Cerastoderma glaucum
Arthropoda,Malacostraca,Decapoda,Geryonidae,Chaceon,Chaceon affinis
Annelida,Polychaeta,[unassigned] Sedentaria,Chaetopteridae,Chaetopterus,Chaetopterus variopedatus
Annelida,Polychaeta,Terebellida,Cirratulidae,Chaetozone,Chaetozone setosa
Mollusca,Bivalvia,Venerida,Veneridae,Chamelea,Chamelea gallina
Mollusca,Bivalvia,Venerida,Veneridae,Chamelea,Chamelea striatula
Bryozoa,Gymnolaemata,Cheilostomatida,Flustridae,Chartella,Chartella papyracea
Arthropoda,Malacostraca,Amphipoda,Cheirocratidae,Cheirocratus,Cheirocratus sundevallii
Mollusca,Bivalvia,Pectinida,Pectinidae,Chlamys,Chlamys islandica
Porifera,Demospongiae,Chondrosiida,Chondrosiidae,Chondrosia,Chondrosia reniformis
Arthropoda,Thecostraca,Balanomorpha,Chthamalidae,Chthamalus,Chthamalus montagui
Arthropoda,Thecostraca,Balanomorpha,Chthamalidae,Chthamalus,Chthamalus stellatus
Mollusca,Bivalvia,Cardiida,Cardiidae,Ciliatocardium,Ciliatocardium ciliatum
Annelida,Polychaeta,Terebellida,Cirratulidae,Cirratulus,Cirratulus cirratus
Annelida,Polychaeta,Terebellida,Cirratulidae,Cirriformia,Cirriformia tentaculata
Annelida,Polychaeta,Terebellida,Pectinariidae,Cistenides,Cistenides granulata
Cnidaria,Anthozoa,Scleractinia,Cladocoridae,Cladocora,Cladocora caespitosa
Cnidaria,Hydrozoa,Anthoathecata,Hydractiniidae,Clava,Clava multicornis
Chordata,Ascidiacea,Aplousobranchia,Clavelinidae,Clavelina,Clavelina lepadiformis
Arthropoda,Malacostraca,Decapoda,Diogenidae,Clibanarius,Clibanarius erythropus
Porifera,Demospongiae,Clionaida,Clionaidae,Cliona,Cliona celata
Porifera,Demospongiae,Clionaida,Clionaidae,Cliona,Cliona viridis
Mollusca,Bivalvia,Venerida,Trapezidae,Coralliophaga,Coralliophaga lithophagella
Cnidaria,Anthozoa,Alcyonacea,Coralliidae,Corallium,Corallium rubrum
Arthropoda,Malacostraca,Amphipoda,Corophiidae,Corophium,Corophium arenarium
Arthropoda,Malacostraca,Amphipoda,Corophiidae,Corophium,Corophium multisetosum
Arthropoda,Malacostraca,Amphipoda,Corophiidae,Corophium,Corophium volutator
Porifera,Homoscleromorpha,Homosclerophorida,Plakinidae,Corticium,Corticium candelabrum
Arthropoda,Malacostraca,Decapoda,Corystidae,Corystes,Corystes cassivelaunus
Porifera,Demospongiae,Poecilosclerida,Crambeidae,Crambe,Crambe crambe
Arthropoda,Malacostraca,Decapoda,Crangonidae,Crangon,Crangon allmanni
Arthropoda,Malacostraca,Decapoda,Crangonidae,Crangon,Crangon crangon
Arthropoda,Malacostraca,Amphipoda,Corophiidae,Crassicorophium,Crassicorophium bonellii
Mollusca,Gastropoda,Littorinimorpha,Calyptraeidae,Crepidula,Crepidula fornicata
Bryozoa,Gymnolaemata,Cheilostomatida,Cribrilinidae,Cribrilina,Cribrilina annulata
Echinodermata,Asteroidea,Velatida,Solasteridae,Crossaster,Crossaster papposus
Echinodermata,Asteroidea,Paxillosida,Ctenodiscidae,Ctenodiscus,Ctenodiscus crispatus
Echinodermata,Holothuroidea,Dendrochirotida,Cucumariidae,Cucumaria,Cucumaria frondosa
Arthropoda,Malacostraca,Cumacea,Bodotriidae,Cumopsis,Cumopsis goodsir
Mollusca,Gastropoda,Nudibranchia,Cuthonidae,Cuthona,Cuthona nana
Arthropoda,Malacostraca,Isopoda,Anthuridae,Cyathura,Cyathura carinata
Arthropoda,Malacostraca,Cumacea,Bodotriidae,Cyclaspis,Cyclaspis longicaudata
Arthropoda,Malacostraca,Amphipoda,Ampithoidae,Cymadusa,Cymadusa filosa
Arthropoda,Malacostraca,Amphipoda,Oedicerotidae,Deflexilodes,Deflexilodes gibbosus
Chordata,Ascidiacea,Stolidobranchia,Styelidae,Dendrodoa,Dendrodoa grossularia
Mollusca,Gastropoda,Nudibranchia,Dendronotidae,Dendronotus,Dendronotus frondosus
Cnidaria,Anthozoa,Scleractinia,Dendrophylliidae,Dendrophyllia,Dendrophyllia cornigera
Cnidaria,Anthozoa,Scleractinia,Dendrophylliidae,Dendrophyllia,Dendrophyllia ramea
Mollusca,Gastropoda,Littorinimorpha,Vermetidae,Dendropoma,Dendropoma cristatum
Cnidaria,Anthozoa,Alcyonacea,Plexauridae,Dentomuricea,Dentomuricea meteor
Arthropoda,Malacostraca,Amphipoda,Talitridae,Deshayesorchestia,Deshayesorchestia deshayesii
Cnidaria,Anthozoa,Scleractinia,Caryophylliidae,Desmophyllum,Desmophyllum dianthus
Cnidaria,Anthozoa,Scleractinia,Caryophylliidae,Desmophyllum,Desmophyllum pertusum
Echinodermata,Echinoidea,Diadematoida,Diadematidae,Diadema,Diadema antillarum
Arthropoda,Malacostraca,Cumacea,Diastylidae,Diastylis,Diastylis bradyi
Arthropoda,Malacostraca,Cumacea,Diastylidae,Diastylis,Diastylis lucifera
Arthropoda,Malacostraca,Cumacea,Diastylidae,Diastylis,Diastylis rathkei
Arthropoda,Malacostraca,Cumacea,Diastylidae,Diastyloides,Diastyloides serratus
Arthropoda,Malacostraca,Amphipoda,Gammaridae,Dikerogammarus,Dikerogammarus aralychensis
Annelida,Polychaeta,[unassigned] Polychaeta,Dinophilidae,Dimorphilus,Dimorphilus gyrociliatus
Mollusca,Gastropoda,Lepetellida,Fissurellidae,Diodora,Diodora graeca
Arthropoda,Malacostraca,Decapoda,Diogenidae,Diogenes,Diogenes pugilator
Annelida,Polychaeta,Eunicida,Onuphidae,Diopatra,Diopatra biscayensis
Annelida,Polychaeta,Eunicida,Onuphidae,Diopatra,Diopatra marocensis
Annelida,Polychaeta,Eunicida,Onuphidae,Diopatra,Diopatra neapolitana
Chordata,Ascidiacea,Aplousobranchia,Didemnidae,Diplosoma,Diplosoma listerianum
Annelida,Polychaeta,Spionida,Spionidae,Dipolydora,Dipolydora armata
Annelida,Polychaeta,Spionida,Spionidae,Dipolydora,Dipolydora giardi
Annelida,Polychaeta,Sabellida,Serpulidae,Ditrupa,Ditrupa arietina
Annelida,Polychaeta,Terebellida,Cirratulidae,Dodecaceria,Dodecaceria concharum
Mollusca,Bivalvia,Cardiida,Donacidae,Donax,Donax trunculus
Mollusca,Bivalvia,Cardiida,Donacidae,Donax,Donax vittatus
Mollusca,Gastropoda,Nudibranchia,Dendrodorididae,Doriopsilla,Doriopsilla areolata
Mollusca,Gastropoda,Nudibranchia,Dendrodorididae,Doriopsilla,Doriopsilla pelseneeri
Mollusca,Gastropoda,Nudibranchia,Dorididae,Doris,Doris pseudoargus
Mollusca,Bivalvia,Venerida,Veneridae,Dosinia,Dosinia exoleta
Mollusca,Bivalvia,Venerida,Veneridae,Dosinia,Dosinia lupinus
Mollusca,Gastropoda,Nudibranchia,Dotidae,Doto,Doto coronata
Arthropoda,Malacostraca,Isopoda,Sphaeromatidae,Dynamene,Dynamene bidentata
Arthropoda,Malacostraca,Amphipoda,Dulichiidae,Dyopedos,Dyopedos monacanthus
Porifera,Demospongiae,Dictyoceratida,Dysideidae,Dysidea,Dysidea avara
Arthropoda,Malacostraca,Decapoda,Leucosiidae,Ebalia,Ebalia tuberosa
Echinodermata,Asteroidea,Spinulosida,Echinasteridae,Echinaster,Echinaster sepositus
Echinodermata,Echinoidea,Spatangoida,Loveniidae,Echinocardium,Echinocardium cordatum
Echinodermata,Echinoidea,Spatangoida,Loveniidae,Echinocardium,Echinocardium flavescens
Echinodermata,Echinoidea,Spatangoida,Loveniidae,Echinocardium,Echinocardium mediterraneum
Echinodermata,Echinoidea,Clypeasteroida,Echinocyamidae,Echinocyamus,Echinocyamus pusillus
Arthropoda,Malacostraca,Amphipoda,Gammaridae,Echinogammarus,Echinogammarus marinus
Arthropoda,Malacostraca,Amphipoda,Gammaridae,Echinogammarus,Echinogammarus obtusatus
Arthropoda,Malacostraca,Amphipoda,Gammaridae,Echinogammarus,Echinogammarus planicrurus
Echinodermata,Echinoidea,Camarodonta,Echinidae,Echinus,Echinus esculentus
Cnidaria,Hydrozoa,Anthoathecata,Tubulariidae,Ectopleura,Ectopleura larynx
Bryozoa,Gymnolaemata,Cheilostomatida,Electridae,Electra,Electra pilosa
Mollusca,Cephalopoda,Octopoda,Eledonidae,Eledone,Eledone cirrhosa
Mollusca,Gastropoda,Sacoglossa,Plakobranchidae,Elysia,Elysia timida
Mollusca,Gastropoda,Sacoglossa,Plakobranchidae,Elysia,Elysia viridis
Cnidaria,Anthozoa,Scleractinia,Dendrophylliidae,Enallopsammia,Enallopsammia rostrata
Arthropoda,Pycnogonida,Pantopoda,Endeidae,Endeis,Endeis spinosa
Mollusca,Bivalvia,Nuculida,Nuculidae,Ennucula,Ennucula granulosa
Mollusca,Bivalvia,Adapedonta,Pharidae,Ensis,Ensis ensis
Mollusca,Bivalvia,Adapedonta,Pharidae,Ensis,Ensis leei
Mollusca,Bivalvia,Adapedonta,Pharidae,Ensis,Ensis magnus
Mollusca,Bivalvia,Adapedonta,Pharidae,Ensis,Ensis siliqua
Mollusca,Gastropoda,Caenogastropoda,Epitoniidae,Epitonium,Epitonium clathratulum
Arthropoda,Malacostraca,Decapoda,Varunidae,Eriocheir,Eriocheir sinensis
Arthropoda,Malacostraca,Mysida,Mysidae,Erythrops,Erythrops elegans
Arthropoda,Malacostraca,Mysida,Mysidae,Erythrops,Erythrops serrata
Annelida,Polychaeta,Phyllodocida,Phyllodocidae,Eteone,Eteone flava
Annelida,Polychaeta,Phyllodocida,Phyllodocidae,Eteone,Eteone longa
Arthropoda,Malacostraca,Decapoda,Thoridae,Eualus,Eualus pusiolus
Mollusca,Gastropoda,Nudibranchia,Eubranchidae,Eubranchus,Eubranchus exiguus
Mollusca,Gastropoda,Nudibranchia,Eubranchidae,Eubranchus,Eubranchus farrani
Mollusca,Gastropoda,Nudibranchia,Eubranchidae,Eubranchus,Eubranchus pallidus
Cnidaria,Hydrozoa,Anthoathecata,Eudendriidae,Eudendrium,Eudendrium glomeratum
Cnidaria,Hydrozoa,Anthoathecata,Eudendriidae,Eudendrium,Eudendrium racemosum
Annelida,Polychaeta,Phyllodocida,Phyllodocidae,Eulalia,Eulalia bilineata
Annelida,Polychaeta,Phyllodocida,Phyllodocidae,Eulalia,Eulalia viridis
Annelida,Polychaeta,Phyllodocida,Phyllodocidae,Eumida,Eumida sanguinea
Annelida,Polychaeta,Phyllodocida,Nereididae,Eunereis,Eunereis longissima
Annelida,Polychaeta,Eunicida,Eunicidae,Eunice,Eunice roussaei
Cnidaria,Anthozoa,Alcyonacea,Gorgoniidae,Eunicella,Eunicella cavolini
Cnidaria,Anthozoa,Alcyonacea,Gorgoniidae,Eunicella,Eunicella singularis
Cnidaria,Anthozoa,Alcyonacea,Gorgoniidae,Eunicella,Eunicella verrucosa
Annelida,Polychaeta,Terebellida,Terebellidae,Eupolymnia,Eupolymnia nebulosa
Arthropoda,Malacostraca,Isopoda,Cirolanidae,Eurydice,Eurydice pulchra
Arthropoda,Malacostraca,Amphipoda,Eurytheneidae,Eurythenes,Eurythenes gryllus
Arthropoda,Malacostraca,Decapoda,Sergestidae,Eusergestes,Eusergestes arcticus
Mollusca,Gastropoda,Littorinimorpha,Naticidae,Euspira,Euspira catena
Mollusca,Gastropoda,Littorinimorpha,Naticidae,Euspira,Euspira nitida
Annelida,Polychaeta,Sabellida,Fabriciidae,Fabricia,Fabricia stellaris
Mollusca,Bivalvia,Venerida,Tellinidae,Fabulina,Fabulina fabula
Annelida,Polychaeta,Sabellida,Serpulidae,Ficopomatus,Ficopomatus enigmaticus
Annelida,Polychaeta,Sabellida,Serpulidae,Filograna,Filograna implexa
Mollusca,Bivalvia,Pectinida,Pectinidae,Flexopecten,Flexopecten glaber
Bryozoa,Gymnolaemata,Cheilostomatida,Flustridae,Flustra,Flustra foliacea
Cnidaria,Anthozoa,Pennatulacea,Funiculinidae,Funiculina,Funiculina quadrangularis
Annelida,Polychaeta,Sabellida,Oweniidae,Galathowenia,Galathowenia fragilis
Annelida,Polychaeta,Sabellida,Oweniidae,Galathowenia,Galathowenia oculata
Arthropoda,Malacostraca,Amphipoda,Photidae,Gammaropsis,Gammaropsis maculata
Arthropoda,Malacostraca,Amphipoda,Gammaridae,Gammarus,Gammarus aequicauda
Arthropoda,Malacostraca,Amphipoda,Gammaridae,Gammarus,Gammarus duebeni
Arthropoda,Malacostraca,Amphipoda,Gammaridae,Gammarus,Gammarus insensibilis
Arthropoda,Malacostraca,Amphipoda,Gammaridae,Gammarus,Gammarus locusta
Arthropoda,Malacostraca,Amphipoda,Gammaridae,Gammarus,Gammarus oceanicus
Arthropoda,Malacostraca,Amphipoda,Gammaridae,Gammarus,Gammarus salinus
Arthropoda,Malacostraca,Amphipoda,Gammaridae,Gammarus,Gammarus setosus
Arthropoda,Malacostraca,Amphipoda,Gammaridae,Gammarus,Gammarus wilkitzkii
Arthropoda,Malacostraca,Amphipoda,Gammaridae,Gammarus,Gammarus zaddachi
Mollusca,Bivalvia,Cardiida,Psammobiidae,Gari,Gari fervensis
Arthropoda,Malacostraca,Mysida,Mysidae,Gastrosaccus,Gastrosaccus sanctus
Arthropoda,Malacostraca,Mysida,Mysidae,Gastrosaccus,Gastrosaccus spinifer
Annelida,Polychaeta,Phyllodocida,Polynoidae,Gattyana,Gattyana cirrhosa
Porifera,Demospongiae,Tetractinellida,Geodiidae,Geodia,Geodia atlantica
Porifera,Demospongiae,Tetractinellida,Geodiidae,Geodia,Geodia barretti
Porifera,Demospongiae,Tetractinellida,Geodiidae,Geodia,Geodia cydonium
Porifera,Demospongiae,Tetractinellida,Geodiidae,Geodia,Geodia hentscheli
Porifera,Demospongiae,Tetractinellida,Geodiidae,Geodia,Geodia macandrewii
Porifera,Demospongiae,Tetractinellida,Geodiidae,Geodia,Geodia phlegraei
Arthropoda,Malacostraca,Decapoda,Geryonidae,Geryon,Geryon trispinosus
Arthropoda,Malacostraca,Decapoda,Callianassidae,Gilvossius,Gilvossius tyrrhenus
Annelida,Polychaeta,Phyllodocida,Glyceridae,Glycera,Glycera alba
Annelida,Polychaeta,Phyllodocida,Glyceridae,Glycera,Glycera tridactyla
Mollusca,Bivalvia,Arcida,Glycymerididae,Glycymeris,Glycymeris bimaculata
Mollusca,Bivalvia,Arcida,Glycymerididae,Glycymeris,Glycymeris glycymeris
Mollusca,Bivalvia,Arcida,Glycymerididae,Glycymeris,Glycymeris nummaria
Mollusca,Bivalvia,Arcida,Glycymerididae,Glycymeris,Glycymeris pilosa
Annelida,Polychaeta,Phyllodocida,Goniadidae,Goniada,Goniada maculata
Echinodermata,Ophiuroidea,Euryalida,Gorgonocephalidae,Gorgonocephalus,Gorgonocephalus eucnemis
Echinodermata,Echinoidea,Camarodonta,Echinidae,Gracilechinus,Gracilechinus acutus
Porifera,Calcarea,Leucosolenida,Grantiidae,Grantia,Grantia compressa
Porifera,Demospongiae,Suberitida,Halichondriidae,Halichondria,Halichondria bowerbanki
Porifera,Demospongiae,Suberitida,Halichondriidae,Halichondria,Halichondria panicea
Porifera,Demospongiae,Haplosclerida,Chalinidae,Haliclona,Haliclona fulva
Porifera,Demospongiae,Haplosclerida,Chalinidae,Haliclona,Haliclona oculata
Porifera,Demospongiae,Haplosclerida,Chalinidae,Haliclona,Haliclona rosea
Porifera,Demospongiae,Haplosclerida,Chalinidae,Haliclona,Haliclona xena
Mollusca,Gastropoda,[unassigned] Vetigastropoda,Haliotidae,Haliotis,Haliotis tuberculata
Cnidaria,Anthozoa,Pennatulacea,Halipteridae,Halipteris,Halipteris finmarchica
Porifera,Demospongiae,Chondrillida,Halisarcidae,Halisarca,Halisarca dujardinii
Chordata,Ascidiacea,Stolidobranchia,Pyuridae,Halocynthia,Halocynthia papillosa
Mollusca,Gastropoda,Cephalaspidea,Haminoeidae,Haminoea,Haminoea orbignyana
Arthropoda,Malacostraca,Amphipoda,Ampeliscidae,Haploops,Haploops nirae
Arthropoda,Malacostraca,Amphipoda,Ampeliscidae,Haploops,Haploops tenuis
Arthropoda,Malacostraca,Amphipoda,Ampeliscidae,Haploops,Haploops tubicola
Annelida,Polychaeta,Phyllodocida,Polynoidae,Harmothoe,Harmothoe imbricata
Annelida,Polychaeta,Phyllodocida,Polynoidae,Harmothoe,Harmothoe impar
Arthropoda,Malacostraca,Amphipoda,Phoxocephalidae,Harpinia,Harpinia antennaria
Arthropoda,Malacostraca,Amphipoda,Haustoriidae,Haustorius,Haustorius arenarius
Annelida,Polychaeta,Phyllodocida,Nereididae,Hediste,Hediste diversicolor
Arthropoda,Malacostraca,Cumacea,Lampropidae,Hemilamprops,Hemilamprops roseus
Porifera,Demospongiae,Poecilosclerida,Hymedesmiidae,Hemimycale,Hemimycale columella
Arthropoda,Malacostraca,Mysida,Mysidae,Hemimysis,Hemimysis anomala
Arthropoda,Malacostraca,Mysida,Mysidae,Hemimysis,Hemimysis lamornae
Arthropoda,Malacostraca,Mysida,Mysidae,Hemimysis,Hemimysis margalefi
Arthropoda,Malacostraca,Mysida,Mysidae,Hemimysis,Hemimysis speluncola
Mollusca,Gastropoda,Cephalaspidea,Philinidae,Hermania,Hermania scabra
Arthropoda,Malacostraca,Decapoda,Pandalidae,Heterocarpus,Heterocarpus ensifer
Annelida,Polychaeta,Capitellida,Capitellidae,Heteromastus,Heteromastus filiformis
Arthropoda,Malacostraca,Mysida,Mysidae,Heteromysis,Heteromysis formosa
Mollusca,Gastropoda,Neogastropoda,Muricidae,Hexaplex,Hexaplex trunculus
Mollusca,Bivalvia,Adapedonta,Hiatellidae,Hiatella,Hiatella arctica
Mollusca,Bivalvia,Adapedonta,Hiatellidae,Hiatella,Hiatella rugosa
Arthropoda,Malacostraca,Amphipoda,Lysianassidae,Hippomedon,Hippomedon propinqvus
Porifera,Demospongiae,Dictyoceratida,Spongiidae,Hippospongia,Hippospongia communis
Echinodermata,Holothuroidea,Holothuriida,Holothuriidae,Holothuria,Holothuria forskali
Echinodermata,Holothuroidea,Holothuriida,Holothuriidae,Holothuria,Holothuria tubulosa
Arthropoda,Malacostraca,Decapoda,Nephropidae,Homarus,Homarus gammarus
Arthropoda,Malacostraca,Decapoda,Oregoniidae,Hyas,Hyas coarctatus
Cnidaria,Hydrozoa,Anthoathecata,Hydractiniidae,Hydractinia,Hydractinia echinata
Annelida,Polychaeta,Sabellida,Serpulidae,Hydroides,Hydroides elegans
Annelida,Polychaeta,Sabellida,Serpulidae,Hydroides,Hydroides norvegica
Porifera,Demospongiae,Poecilosclerida,Hymedesmiidae,Hymedesmia,Hymedesmia jecusculum
Porifera,Demospongiae,Suberitida,Halichondriidae,Hymeniacidon,Hymeniacidon perlevis
Annelida,Polychaeta,Phyllodocida,Phyllodocidae,Hypereteone,Hypereteone foliosa
Arthropoda,Malacostraca,Isopoda,Idoteidae,Idotea,Idotea balthica
Arthropoda,Malacostraca,Isopoda,Idoteidae,Idotea,Idotea chelipes
Arthropoda,Malacostraca,Isopoda,Idoteidae,Idotea,Idotea granulosa
Arthropoda,Malacostraca,Isopoda,Idoteidae,Idotea,Idotea linearis
Arthropoda,Malacostraca,Isopoda,Idoteidae,Idotea,Idotea pelagica
Arthropoda,Malacostraca,Decapoda,Inachidae,Inachus,Inachus dorsettensis
Porifera,Demospongiae,Poecilosclerida,Acarnidae,Iophon,Iophon piceum
Arthropoda,Malacostraca,Cumacea,Bodotriidae,Iphinoe,Iphinoe trispinosa
Porifera,Demospongiae,Dictyoceratida,Irciniidae,Ircinia,Ircinia oros
Porifera,Demospongiae,Dictyoceratida,Irciniidae,Ircinia,Ircinia variabilis
Cnidaria,Anthozoa,Alcyonacea,Keratoisididae,Isidella,Isidella elongata
Arthropoda,Malacostraca,Isopoda,Janiridae,Jaera,Jaera albifrons
Arthropoda,Malacostraca,Isopoda,Janiridae,Jaera,Jaera ischiosetosa
Annelida,Polychaeta,Sabellida,Serpulidae,Janua,Janua heterostropha
Arthropoda,Malacostraca,Amphipoda,Ischyroceridae,Jassa,Jassa falcata
Arthropoda,Malacostraca,Amphipoda,Ischyroceridae,Jassa,Jassa herdmani
Arthropoda,Malacostraca,Amphipoda,Ischyroceridae,Jassa,Jassa marmorata
Arthropoda,Malacostraca,Decapoda,Laomediidae,Jaxea,Jaxea nocturna
Mollusca,Gastropoda,Trochida,Trochidae,Jujubinus,Jujubinus exasperatus
Mollusca,Gastropoda,Trochida,Trochidae,Jujubinus,Jujubinus striatus
Annelida,Polychaeta,Phyllodocida,Hesionidae,Kefersteinia,Kefersteinia cirrhata
Mollusca,Bivalvia,Venerida,Kelliidae,Kellia,Kellia suborbicularis
Mollusca,Bivalvia,Galeommatida,Lasaeidae,Kurtiella,Kurtiella bidentata
Mollusca,Bivalvia,Galeommatida,Lasaeidae,Kurtiella,Kurtiella sovaliki
Mollusca,Gastropoda,Littorinimorpha,Littorinidae,Lacuna,Lacuna pallidula
Mollusca,Gastropoda,Littorinimorpha,Littorinidae,Lacuna,Lacuna parva
Mollusca,Gastropoda,Littorinimorpha,Littorinidae,Lacuna,Lacuna vincta
Annelida,Polychaeta,Terebellida,Pectinariidae,Lagis,Lagis koreni
Arthropoda,Malacostraca,Cumacea,Lampropidae,Lamprops,Lamprops fasciatus
Arthropoda,Malacostraca,Cumacea,Lampropidae,Lamprops,Lamprops fuscatus
Annelida,Polychaeta,Terebellida,Terebellidae,Lanice,Lanice conchilega
Cnidaria,Hydrozoa,Anthoathecata,Campanulariidae,Laomedea,Laomedea flexuosa
Annelida,Polychaeta,Spionida,Spionidae,Laonice,Laonice cirrata
Mollusca,Bivalvia,Galeommatida,Lasaeidae,Lasaea,Lasaea adansoni
Mollusca,Bivalvia,Galeommatida,Lasaeidae,Lasaea,Lasaea rubra
Cnidaria,Anthozoa,Antipatharia,Leiopathidae,Leiopathes,Leiopathes glaberrima
Arthropoda,Malacostraca,Amphipoda,Aoridae,Lembos,Lembos websteri
Annelida,Polychaeta,Eunicida,Eunicidae,Leodice,Leodice harassii
Arthropoda,Thecostraca,Scalpellomorpha,Lepadidae,Lepas,Lepas anatifera
Mollusca,Polyplacophora,Chitonida,Lepidochitonidae,Lepidochitona,Lepidochitona caprearum
Mollusca,Polyplacophora,Chitonida,Lepidochitonidae,Lepidochitona,Lepidochitona cinerea
Annelida,Polychaeta,Phyllodocida,Polynoidae,Lepidonotus,Lepidonotus squamatus
Mollusca,Polyplacophora,Chitonida,Leptochitonidae,Leptochiton,Leptochiton asellus
Cnidaria,Anthozoa,Alcyonacea,Gorgoniidae,Leptogorgia,Leptogorgia sarmentosa
Arthropoda,Malacostraca,Mysida,Mysidae,Leptomysis,Leptomysis gracilis
Arthropoda,Malacostraca,Mysida,Mysidae,Leptomysis,Leptomysis lingvura
Cnidaria,Anthozoa,Scleractinia,Dendrophylliidae,Leptopsammia,Leptopsammia pruvoti
Echinodermata,Holothuroidea,Apodida,Synaptidae,Leptosynapta,Leptosynapta inhaerens
Arthropoda,Malacostraca,Cumacea,Leuconidae,Leucon,Leucon affinis
Arthropoda,Malacostraca,Cumacea,Leuconidae,Leucon,Leucon longirostris
Arthropoda,Malacostraca,Cumacea,Leuconidae,Leucon,Leucon macrorhinus
Arthropoda,Malacostraca,Cumacea,Leuconidae,Leucon,Leucon nasica
Arthropoda,Malacostraca,Cumacea,Leuconidae,Leucon,Leucon profundus
Arthropoda,Malacostraca,Cumacea,Leuconidae,Leucon,Leucon siphonatus
Porifera,Calcarea,Leucosolenida,Leucosoleniidae,Leucosolenia,Leucosolenia variabilis
Arthropoda,Malacostraca,Isopoda,Ligiidae,Ligia,Ligia oceanica
Mollusca,Gastropoda,Sacoglossa,Limapontiidae,Limapontia,Limapontia capitata
Mollusca,Gastropoda,Sacoglossa,Limapontiidae,Limapontia,Limapontia depressa
Nemertea,Pilidiophora,Heteronemertea,Lineidae,Lineus,Lineus ruber
Nemertea,Pilidiophora,Heteronemertea,Lineidae,Lineus,Lineus viridis
Arthropoda,Malacostraca,Decapoda,Polybiidae,Liocarcinus,Liocarcinus depurator
Arthropoda,Malacostraca,Decapoda,Polybiidae,Liocarcinus,Liocarcinus holsatus
Arthropoda,Malacostraca,Decapoda,Polybiidae,Liocarcinus,Liocarcinus navigator
Arthropoda,Malacostraca,Decapoda,Lithodidae,Lithodes,Lithodes maja
Mollusca,Bivalvia,Mytilida,Mytilidae,Lithophaga,Lithophaga lithophaga
Mollusca,Gastropoda,Littorinimorpha,Littorinidae,Littorina,Littorina fabalis
Mollusca,Gastropoda,Littorinimorpha,Littorinidae,Littorina,Littorina littorea
Mollusca,Gastropoda,Littorinimorpha,Littorinidae,Littorina,Littorina obtusata
Mollusca,Gastropoda,Littorinimorpha,Littorinidae,Littorina,Littorina saxatilis
Mollusca,Cephalopoda,Myopsida,Loliginidae,Loligo,Loligo forbesii
Mollusca,Cephalopoda,Myopsida,Loliginidae,Loligo,Loligo vulgaris
Mollusca,Bivalvia,Lucinida,Lucinidae,Lucinoma,Lucinoma borealis
Annelida,Clitellata,Enchytraeida,Enchytraeidae,Lumbricillus,Lumbricillus lineatus
Annelida,Clitellata,Enchytraeida,Enchytraeidae,Lumbricillus,Lumbricillus rivalis
Annelida,Polychaeta,Eunicida,Lumbrineridae,Lumbrineris,Lumbrineris latreilli
Mollusca,Bivalvia,[unassigned] Heterodonta,Mactridae,Lutraria,Lutraria lutraria
Annelida,Polychaeta,Eunicida,Eunicidae,Lysidice,Lysidice ninetta
Annelida,Polychaeta,Eunicida,Eunicidae,Lysidice,Lysidice unicornis
Arthropoda,Malacostraca,Decapoda,Lysmatidae,Lysmata,Lysmata seticaudata
Mollusca,Bivalvia,Venerida,Tellinidae,Macoma,Macoma balthica
Mollusca,Bivalvia,Venerida,Tellinidae,Macoma,Macoma calcarea
Mollusca,Bivalvia,Venerida,Tellinidae,Macomangulus,Macomangulus tenuis
Arthropoda,Malacostraca,Decapoda,Inachidae,Macropodia,Macropodia rostrata
Mollusca,Bivalvia,[unassigned] Heterodonta,Mactridae,Mactra,Mactra stultorum
Cnidaria,Anthozoa,Scleractinia,Oculinidae,Madrepora,Madrepora oculata
Mollusca,Bivalvia,Ostreida,Ostreidae,Magallana,Magallana gigas
Annelida,Polychaeta,Polychaeta incertae sedis,Magelonidae,Magelona,Magelona alleni
Annelida,Polychaeta,Polychaeta incertae sedis,Magelonidae,Magelona,Magelona filiformis
Annelida,Polychaeta,Polychaeta incertae sedis,Magelonidae,Magelona,Magelona johnstoni
Annelida,Polychaeta,Polychaeta incertae sedis,Magelonidae,Magelona,Magelona mirabilis
Arthropoda,Malacostraca,Decapoda,Majidae,Maja,Maja brachydactyla
Arthropoda,Malacostraca,Decapoda,Majidae,Maja,Maja squinado
Arthropoda,Malacostraca,Cumacea,Diastylidae,Makrokylindrus,Makrokylindrus longipes
Annelida,Polychaeta,Spionida,Spionidae,Malacoceros,Malacoceros fuliginosus
Annelida,Polychaeta,Phyllodocida,Polynoidae,Malmgrenia,Malmgrenia lunulata
Annelida,Polychaeta,Sabellida,Fabriciidae,Manayunkia,Manayunkia aestuarina
Annelida,Polychaeta,Spionida,Spionidae,Marenzelleria,Marenzelleria viridis
Annelida,Polychaeta,Eunicida,Eunicidae,Marphysa,Marphysa sanguinea
Echinodermata,Asteroidea,Forcipulatida,Asteriidae,Marthasterias,Marthasterias glacialis
Annelida,Polychaeta,Echiuroidea,Bonelliidae,Maxmuelleria,Maxmuelleria lankesteri
Annelida,Polychaeta,Capitellida,Capitellidae,Mediomastus,Mediomastus fragilis
Arthropoda,Thecostraca,Balanomorpha,Balanidae,Megabalanus,Megabalanus azoricus
Arthropoda,Malacostraca,Amphipoda,Megaluropidae,Megaluropus,Megaluropus agilis
Mollusca,Gastropoda,Littorinimorpha,Littorinidae,Melarhaphe,Melarhaphe neritoides
Annelida,Polychaeta,Terebellida,Melinnidae,Melinna,Melinna cristata
Annelida,Polychaeta,Terebellida,Melinnidae,Melinna,Melinna heterodonta
Annelida,Polychaeta,Terebellida,Melinnidae,Melinna,Melinna palmata
Arthropoda,Malacostraca,Amphipoda,Melitidae,Melita,Melita palmata
Mollusca,Bivalvia,Venerida,Veneridae,Mercenaria,Mercenaria mercenaria
Arthropoda,Malacostraca,Mysida,Mysidae,Mesopodopsis,Mesopodopsis slabberi
Arthropoda,Malacostraca,Decapoda,Penaeidae,Metapenaeus,Metapenaeus monoceros
Arthropoda,Malacostraca,Amphipoda,Stenothoidae,Metopa,Metopa glacialis
Cnidaria,Anthozoa,Actiniaria,Metridiidae,Metridium,Metridium senile
Chordata,Ascidiacea,Stolidobranchia,Pyuridae,Microcosmus,Microcosmus sabatieri
Chordata,Ascidiacea,Stolidobranchia,Pyuridae,Microcosmus,Microcosmus savignyi
Chordata,Ascidiacea,Stolidobranchia,Pyuridae,Microcosmus,Microcosmus squamiger
Arthropoda,Malacostraca,Amphipoda,Aoridae,Microdeutopus,Microdeutopus gryllotalpa
Mollusca,Bivalvia,Pectinida,Pectinidae,Mimachlamys,Mimachlamys varia
Mollusca,Bivalvia,Mytilida,Mytilidae,Modiolus,Modiolus barbatus
Mollusca,Bivalvia,Mytilida,Mytilidae,Modiolus,Modiolus modiolus
Chordata,Ascidiacea,Stolidobranchia,Molgulidae,Molgula,Molgula citrina
Arthropoda,Malacostraca,Amphipoda,Corophiidae,Monocorophium,Monocorophium insidiosum
Arthropoda,Malacostraca,Amphipoda,Oedicerotoidae,Monoculodes,Monoculodes packardi
Arthropoda,Malacostraca,Amphipoda,Pontoporeiidae,Monoporeia,Monoporeia affinis
Arthropoda,Malacostraca,Decapoda,Munididae,Munida,Munida intermedia
Arthropoda,Malacostraca,Decapoda,Munididae,Munida,Munida speciosa
Mollusca,Bivalvia,Mytilida,Mytilidae,Musculus,Musculus discors
Mollusca,Bivalvia,Mytilida,Mytilidae,Musculus,Musculus subpictus
Mollusca,Bivalvia,Myoida,Myidae,Mya,Mya arenaria
Mollusca,Bivalvia,Myoida,Myidae,Mya,Mya truncata
Annelida,Polychaeta,Phyllodocida,Syllidae,Myrianida,Myrianida prolifera
Mollusca,Bivalvia,Galeommatida,Lasaeidae,Mysella,Mysella planata
Mollusca,Bivalvia,Venerida,Veneridae,Mysia,Mysia undata
Arthropoda,Malacostraca,Mysida,Mysidae,Mysis,Mysis mixta
Mollusca,Bivalvia,Mytilida,Mytilidae,Mytilus,Mytilus edulis
Mollusca,Bivalvia,Mytilida,Mytilidae,Mytilus,Mytilus galloprovincialis
Mollusca,Bivalvia,Mytilida,Mytilidae,Mytilus,Mytilus trossulus
Annelida,Polychaeta,Sabellida,Sabellidae,Myxicola,Myxicola infundibulum
Porifera,Demospongiae,Poecilosclerida,Myxillidae,Myxilla,Myxilla incrustans
Arthropoda,Malacostraca,Isopoda,Cirolanidae,Natatolana,Natatolana borealis
Annelida,Polychaeta,Phyllodocida,Nereididae,Neanthes,Neanthes arenaceodentata
Arthropoda,Malacostraca,Decapoda,Callianassidae,Necallianassa,Necallianassa truncata
Arthropoda,Malacostraca,Decapoda,Polybiidae,Necora,Necora puber
Cnidaria,Anthozoa,Actiniaria,Edwardsiidae,Nematostella,Nematostella vectensis
Cnidaria,Hydrozoa,Leptothecata,Plumulariidae,Nemertesia,Nemertesia antennina
Arthropoda,Malacostraca,Lophogastrida,Gnathophausiidae,Neognathophausia,Neognathophausia ingens
Arthropoda,Malacostraca,Mysida,Mysidae,Neomysis,Neomysis integer
Mollusca,Bivalvia,Ostreida,Gryphaeidae,Neopycnodonte,Neopycnodonte cochlear
Mollusca,Bivalvia,Ostreida,Gryphaeidae,Neopycnodonte,Neopycnodonte zibrowii
Mollusca,Cephalopoda,Sepiida,Sepiolidae,Sepiola,Neorossia caroli
Arthropoda,Malacostraca,Decapoda,Nephropidae,Nephrops,Nephrops norvegicus
Annelida,Polychaeta,Phyllodocida,Nephtyidae,Nephtys,Nephtys caeca
Annelida,Polychaeta,Phyllodocida,Nephtyidae,Nephtys,Nephtys cirrosa
Annelida,Polychaeta,Phyllodocida,Nephtyidae,Nephtys,Nephtys hombergii
Annelida,Polychaeta,Phyllodocida,Nephtyidae,Nephtys,Nephtys incisa
Mollusca,Gastropoda,Neogastropoda,Buccinidae,Neptunea,Neptunea antiqua
Annelida,Polychaeta,Phyllodocida,Nereididae,Nereis,Nereis pelagica
Annelida,Polychaeta,Terebellida,Terebellidae,Nicolea,Nicolea zostericola
Annelida,Polychaeta,Capitellida,Capitellidae,Notomastus,Notomastus latericeus
Mollusca,Gastropoda,Neogastropoda,Muricidae,Nucella,Nucella lapillus
Mollusca,Bivalvia,Nuculida,Nuculidae,Nucula,Nucula atacellana
Mollusca,Bivalvia,Nuculida,Nuculidae,Nucula,Nucula nitidosa
Mollusca,Bivalvia,Nuculida,Nuculidae,Nucula,Nucula nucleus
Mollusca,Bivalvia,Nuculida,Nuculidae,Nucula,Nucula turgida
Arthropoda,Pycnogonida,Pantopoda,Nymphonidae,Nymphon,Nymphon gracile
Arthropoda,Pycnogonida,Pantopoda,Nymphonidae,Nymphon,Nymphon hirtipes
Cnidaria,Hydrozoa,Leptothecata,Campanulariidae,Obelia,Obelia bidentata
Cnidaria,Hydrozoa,Leptothecata,Campanulariidae,Obelia,Obelia dichotoma
Cnidaria,Hydrozoa,Leptothecata,Campanulariidae,Obelia,Obelia longissima
Mollusca,Gastropoda,Neogastropoda,Muricidae,Ocenebra,Ocenebra erinaceus
Mollusca,Cephalopoda,Octopoda,Octopodidae,Octopus,Octopus salutii
Mollusca,Cephalopoda,Octopoda,Octopodidae,Octopus,Octopus vulgaris
Mollusca,Gastropoda,Nudibranchia,Onchidorididae,Onchidoris,Onchidoris bilamellata
Mollusca,Gastropoda,Nudibranchia,Onchidorididae,Onchidoris,Onchidoris muricata
Arthropoda,Malacostraca,Amphipoda,Uristidae,Onisimus,Onisimus caricus
Arthropoda,Malacostraca,Amphipoda,Uristidae,Onisimus,Onisimus glacialis
Arthropoda,Malacostraca,Amphipoda,Uristidae,Onisimus,Onisimus nanseni
Mollusca,Gastropoda,Littorinimorpha,Rissoidae,Onoba,Onoba semicostata
Annelida,Polychaeta,[unassigned] Scolecida,Opheliidae,Ophelia,Ophelia bicornis
Annelida,Polychaeta,[unassigned] Scolecida,Opheliidae,Ophelia,Ophelia borealis
Echinodermata,Ophiuroidea,Ophiurida,Ophiolepididae,Ophiomusium,Ophiomusium lymani
Echinodermata,Ophiuroidea,Ophiurida,Ophiotrichidae,Ophiothrix,Ophiothrix fragilis
Echinodermata,Ophiuroidea,Ophiurida,Ophiuridae,Ophiura,Ophiura albida
Echinodermata,Ophiuroidea,Ophiurida,Ophiuridae,Ophiura,Ophiura ljungmani
Echinodermata,Ophiuroidea,Ophiurida,Ophiuridae,Ophiura,Ophiura ophiura
Annelida,Polychaeta,Eunicida,Dorvilleidae,Ophryotrocha,Ophryotrocha adherens
Annelida,Polychaeta,Eunicida,Dorvilleidae,Ophryotrocha,Ophryotrocha baccii
Annelida,Polychaeta,Eunicida,Dorvilleidae,Ophryotrocha,Ophryotrocha cyclops
Annelida,Polychaeta,Eunicida,Dorvilleidae,Ophryotrocha,Ophryotrocha hartmanni
Annelida,Polychaeta,Eunicida,Dorvilleidae,Ophryotrocha,Ophryotrocha labronica
Annelida,Polychaeta,Eunicida,Dorvilleidae,Ophryotrocha,Ophryotrocha maculata
Annelida,Polychaeta,Eunicida,Dorvilleidae,Ophryotrocha,Ophryotrocha puerilis
Arthropoda,Malacostraca,Amphipoda,Talitridae,Orchestia,Orchestia aestuarensis
Arthropoda,Malacostraca,Amphipoda,Talitridae,Orchestia,Orchestia gammarellus
Arthropoda,Malacostraca,Amphipoda,Talitridae,Orchestia,Orchestia mediterranea
Arthropoda,Malacostraca,Amphipoda,Talitridae,Orchestia,Orchestia montagui
Arthropoda,Malacostraca,Amphipoda,Tryphosidae,Orchomenella,Orchomenella minuta
Porifera,Homoscleromorpha,Homosclerophorida,Oscarellidae,Oscarella,Oscarella lobularis
Mollusca,Bivalvia,Ostreida,Ostreidae,Ostrea,Ostrea edulis
Annelida,Polychaeta,Sabellida,Oweniidae,Owenia,Owenia fusiformis
Annelida,Polychaeta,Phyllodocida,Hesionidae,Oxydromus,Oxydromus flexuosus
Arthropoda,Malacostraca,Decapoda,Grapsidae,Pachygrapsus,Pachygrapsus marmoratus
Arthropoda,Malacostraca,Decapoda,Grapsidae,Pachygrapsus,Pachygrapsus transversus
Arthropoda,Malacostraca,Decapoda,Paguridae,Pagurus,Pagurus bernhardus
Arthropoda,Malacostraca,Decapoda,Palaemonidae,Palaemon,Palaemon adspersus
Arthropoda,Malacostraca,Decapoda,Palaemonidae,Palaemon,Palaemon elegans
Arthropoda,Malacostraca,Decapoda,Palaemonidae,Palaemon,Palaemon longirostris
Arthropoda,Malacostraca,Decapoda,Palaemonidae,Palaemon,Palaemon serratus
Arthropoda,Malacostraca,Decapoda,Palinuridae,Palinurus,Palinurus elephas
Arthropoda,Malacostraca,Decapoda,Palinuridae,Panulirus,Palinurus mauritanicus
Mollusca,Gastropoda,Nudibranchia,Polyceridae,Palio,Palio dubia
Annelida,Polychaeta,Eunicida,Eunicidae,Palola,Palola siciliensis
Arthropoda,Malacostraca,Decapoda,Pandalidae,Pandalus,Pandalus borealis
Arthropoda,Malacostraca,Decapoda,Pandalidae,Pandalus,Pandalus montagui
Arthropoda,Malacostraca,Decapoda,Palinuridae,Panulirus,Panulirus echinatus
Echinodermata,Echinoidea,Camarodonta,Parechinidae,Paracentrotus,Paracentrotus lividus
Arthropoda,Malacostraca,Isopoda,Gnathiidae,Paragnathia,Paragnathia formica
Cnidaria,Anthozoa,Alcyonacea,Paragorgiidae,Paragorgia,Paragorgia arborea
Arthropoda,Malacostraca,Decapoda,Lithodidae,Paralithodes,Paralithodes camtschaticus
Cnidaria,Anthozoa,Alcyonacea,Plexauridae,Paramuricea,Paramuricea clavata
Arthropoda,Malacostraca,Mysida,Mysidae,Paramysis,Paramysis arenosa
Annelida,Polychaeta,[unassigned] Sedentaria,Paraonidae,Paraonis,Paraonis fulgens
Arthropoda,Malacostraca,Decapoda,Penaeidae,Parapenaeus,Parapenaeus longirostris
Cnidaria,Anthozoa,Zoantharia,Parazoanthidae,Parazoanthus,Parazoanthus axinellae
Mollusca,Bivalvia,Cardiida,Cardiidae,Parvicardium,Parvicardium exiguum
Arthropoda,Malacostraca,Decapoda,Pasiphaeidae,Pasiphaea,Pasiphaea multidentata
Arthropoda,Malacostraca,Decapoda,Pasiphaeidae,Pasiphaea,Pasiphaea sivado
Arthropoda,Malacostraca,Decapoda,Pasiphaeidae,Pasiphaea,Pasiphaea tarda
Mollusca,Gastropoda,[unassigned] Pulmonata,Patellidae,Patella,Patella aspera
Mollusca,Gastropoda,[unassigned] Pulmonata,Patellidae,Patella,Patella caerulea
Mollusca,Gastropoda,[unassigned] Pulmonata,Patellidae,Patella,Patella candei
Mollusca,Gastropoda,[unassigned] Pulmonata,Patellidae,Patella,Patella depressa
Mollusca,Gastropoda,[unassigned] Pulmonata,Patellidae,Patella,Patella ferruginea
Mollusca,Gastropoda,[unassigned] Pulmonata,Patellidae,Patella,Patella pellucida
Mollusca,Gastropoda,[unassigned] Pulmonata,Patellidae,Patella,Patella rustica
Mollusca,Gastropoda,[unassigned] Pulmonata,Patellidae,Patella,Patella ulyssiponensis
Mollusca,Gastropoda,[unassigned] Pulmonata,Patellidae,Patella,Patella vulgata
Mollusca,Bivalvia,Pectinida,Pectinidae,Pecten,Pecten jacobaeus
Mollusca,Bivalvia,Pectinida,Pectinidae,Pecten,Pecten maximus
Arthropoda,Malacostraca,Decapoda,Penaeidae,Penaeus,Penaeus kerathurus
Cnidaria,Anthozoa,Pennatulacea,Pennatulidae,Pennatula,Pennatula aculeata
Cnidaria,Anthozoa,Pennatulacea,Pennatulidae,Pennatula,Pennatula phosphorea
Cnidaria,Anthozoa,Pennatulacea,Pennatulidae,Pennatula,Pennatula rubra
Bryozoa,Gymnolaemata,Cheilostomatida,Bitectiporidae,Pentapora,Pentapora fascialis
Bryozoa,Gymnolaemata,Cheilostomatida,Bitectiporidae,Pentapora,Pentapora foliacea
Arthropoda,Malacostraca,Decapoda,Percnidae,Percnon,Percnon gibbesi
Arthropoda,Thecostraca,Balanomorpha,Balanidae,Perforatus,Perforatus perforatus
Annelida,Polychaeta,Phyllodocida,Nereididae,Perinereis,Perinereis cultrifera
Annelida,Polychaeta,Phyllodocida,Nereididae,Perinereis,Perinereis rullieri
Mollusca,Gastropoda,Littorinimorpha,Hydrobiidae,Peringia,Peringia ulvae
Arthropoda,Malacostraca,Amphipoda,Oedicerotidae,Perioculodes,Perioculodes longimanus
Mollusca,Bivalvia,Mytilida,Mytilidae,Perna,Perna perna
Mollusca,Bivalvia,Venerida,Veneridae,Petricola,Petricola lithophaga
Mollusca,Bivalvia,Venerida,Veneridae,Petricolaria,Petricolaria pholadiformis
Porifera,Demospongiae,Haplosclerida,Petrosiidae,Petrosia,Petrosia ficiformis
Mollusca,Bivalvia,Adapedonta,Pharidae,Phaxas,Phaxas pellucidus
Mollusca,Gastropoda,Cephalaspidea,Philinidae,Philine,Philine aperta
Mollusca,Gastropoda,Cephalaspidea,Philinidae,Philine,Philine denticulata
Arthropoda,Malacostraca,Decapoda,Crangonidae,Philocheras,Philocheras trispinosus
Mollusca,Bivalvia,Myida,Pholadidae,Pholas,Pholas dactylus
Annelida,Polychaeta,Phyllodocida,Pholoidae,Pholoe,Pholoe minuta
Mollusca,Gastropoda,Trochida,Trochidae,Phorcus,Phorcus lineatus
Mollusca,Gastropoda,Trochida,Trochidae,Phorcus,Phorcus turbinatus
Phoronida,[unassigned] Phoronida,[unassigned] Phoronida,Phoronidae,Phoronis,Phoronis muelleri
Phoronida,[unassigned] Phoronida,[unassigned] Phoronida,Phoronidae,Phoronis,Phoronis pallida
Phoronida,[unassigned] Phoronida,[unassigned] Phoronida,Phoronidae,Phoronis,Phoronis psammophila
Arthropoda,Malacostraca,Amphipoda,Photidae,Photis,Photis longicaudata
Arthropoda,Malacostraca,Amphipoda,Photidae,Photis,Photis reinhardi
Arthropoda,Pycnogonida,Pantopoda,Phoxichilidiidae,Phoxichilidium,Phoxichilidium femoratum
Annelida,Polychaeta,Phyllodocida,Phyllodocidae,Phyllodoce,Phyllodoce mucosa
Mollusca,Bivalvia,Ostreida,Pinnidae,Pinna,Pinna nobilis
Porifera,Demospongiae,Clionaida,Clionaidae,Pione,Pione vastifica
Arthropoda,Malacostraca,Decapoda,Porcellanidae,Pisidia,Pisidia longicornis
Annelida,Polychaeta,Phyllodocida,Sigalionidae,Pisione,Pisione remota
Mollusca,Gastropoda,Sacoglossa,Limapontiidae,Placida,Placida dendritica
Arthropoda,Malacostraca,Amphipoda,Talitridae,Platorchestia,Platorchestia monodi
Arthropoda,Malacostraca,Amphipoda,Talitridae,Platorchestia,Platorchestia platensis
Annelida,Polychaeta,Phyllodocida,Nereididae,Platynereis,Platynereis dumerilii
Annelida,Polychaeta,Phyllodocida,Nereididae,Platynereis,Platynereis massiliensis
Arthropoda,Malacostraca,Cumacea,Lampropidae,Platysympus,Platysympus typicus
Arthropoda,Malacostraca,Decapoda,Pandalidae,Plesionika,Plesionika edwardsii
Arthropoda,Malacostraca,Decapoda,Pandalidae,Plesionika,Plesionika martia
Arthropoda,Malacostraca,Decapoda,Pandalidae,Plesionika,Plesionika narval
Cnidaria,Hydrozoa,Leptothecata,Plumulariidae,Plumularia,Plumularia setacea
Annelida,Polychaeta,Spionida,Poecilochaetidae,Poecilochaetus,Poecilochaetus serpens
Mollusca,Bivalvia,Venerida,Veneridae,Polititapes,Polititapes rhomboides
Arthropoda,Thecostraca,Pollicipedomorpha,Pollicipedidae,Pollicipes,Pollicipes pollicipes
Arthropoda,Malacostraca,Decapoda,Polychelidae,Polycheles,Polycheles typhlops
Annelida,Polychaeta,Spionida,Spionidae,Polydora,Polydora ciliata
Annelida,Polychaeta,Spionida,Spionidae,Polydora,Polydora cornuta
Annelida,Polychaeta,Spionida,Spionidae,Polydora,Polydora hoplura
Arthropoda,Malacostraca,Amphipoda,Oedicerotidae,Pontocrates,Pontocrates altamarinus
Arthropoda,Malacostraca,Amphipoda,Oedicerotidae,Pontocrates,Pontocrates arcticus
Arthropoda,Malacostraca,Amphipoda,Oedicerotidae,Pontocrates,Pontocrates arenarius
Arthropoda,Malacostraca,Amphipoda,Pontoporeiidae,Pontoporeia,Pontoporeia femorata
Arthropoda,Malacostraca,Decapoda,Carcinidae,Portumnus,Portumnus latipes
Arthropoda,Malacostraca,Mysida,Mysidae,Praunus,Praunus flexuosus
Arthropoda,Malacostraca,Mysida,Mysidae,Praunus,Praunus inermis
Arthropoda,Malacostraca,Mysida,Mysidae,Praunus,Praunus neglectus
Cnidaria,Anthozoa,Alcyonacea,Primnoidae,Primnoa,Primnoa resedaeformis
Annelida,Polychaeta,Spionida,Spionidae,Prionospio,Prionospio cirrifera
Arthropoda,Malacostraca,Cumacea,Nannastacidae,Procampylaspis,Procampylaspis bonnieri
Echinodermata,Echinoidea,Camarodonta,Parechinidae,Psammechinus,Psammechinus miliaris
Arthropoda,Malacostraca,Cumacea,Pseudocumatidae,Pseudocuma,Pseudocuma longicorne
Annelida,Polychaeta,Sabellida,Sabellidae,Pseudopotamilla,Pseudopotamilla reniformis
Mollusca,Cephalopoda,Octopoda,Octopodidae,Pteroctopus,Pteroctopus tetracirrhus
Mollusca,Gastropoda,Littorinimorpha,Rissoidae,Pusillina,Pusillina sarsii
Chordata,Ascidiacea,Aplousobranchia,Clavelinidae,Pycnoclavella,Pycnoclavella aurilucens
Chordata,Ascidiacea,Aplousobranchia,Clavelinidae,Pycnoclavella,Pycnoclavella brava
Chordata,Ascidiacea,Aplousobranchia,Clavelinidae,Pycnoclavella,Pycnoclavella communis
Chordata,Ascidiacea,Aplousobranchia,Clavelinidae,Pycnoclavella,Pycnoclavella nana
Arthropoda,Pycnogonida,Pantopoda,Pycnogonidae,Pycnogonum,Pycnogonum litorale
Annelida,Polychaeta,Spionida,Spionidae,Pygospio,Pygospio elegans
Chordata,Ascidiacea,Stolidobranchia,Pyuridae,Pyura,Pyura tessellata
Mollusca,Gastropoda,Cephalaspidea,Retusidae,Retusa,Retusa obtusa
Arthropoda,Malacostraca,Mysida,Mysidae,Rhopalophthalmus,Rhopalophthalmus mediterraneus
Nemertea,Pilidiophora,Heteronemertea,Lineidae,Riseriellus,Riseriellus occultus
Mollusca,Gastropoda,Littorinimorpha,Rissoidae,Rissoa,Rissoa membranacea
Mollusca,Gastropoda,Littorinimorpha,Rissoidae,Rissoa,Rissoa parva
Arthropoda,Malacostraca,Stomatopoda,Squillidae,Rissoides,Rissoides desmaresti
Mollusca,Bivalvia,Gastrochaenida,Gastrochaenidae,Rocellaria,Rocellaria dubia
Mollusca,Cephalopoda,Sepiida,Sepiolidae,Rondeletiola,Rondeletiola minor
Mollusca,Cephalopoda,Sepiida,Sepiolidae,Rossia,Rossia macrosoma
Mollusca,Bivalvia,Venerida,Veneridae,Ruditapes,Ruditapes decussatus
Mollusca,Bivalvia,Venerida,Veneridae,Ruditapes,Ruditapes philippinarum
Annelida,Polychaeta,Sabellida,Sabellidae,Sabella,Sabella pavonina
Annelida,Polychaeta,Sabellida,Sabellidae,Sabella,Sabella spallanzanii
Annelida,Polychaeta,[unassigned] Sedentaria,Sabellariidae,Sabellaria,Sabellaria alveolata
Annelida,Polychaeta,[unassigned] Sedentaria,Sabellariidae,Sabellaria,Sabellaria spinulosa
Arthropoda,Malacostraca,Isopoda,Chaetiliidae,Saduria,Saduria entomon
Cnidaria,Anthozoa,Actiniaria,Sagartiidae,Sagartia,Sagartia troglodytes
Annelida,Polychaeta,Sabellida,Serpulidae,Salmacina,Salmacina dysteri
Porifera,Demospongiae,Dictyoceratida,Irciniidae,Sarcotragus,Sarcotragus fasciculatus
Porifera,Demospongiae,Dictyoceratida,Irciniidae,Sarcotragus,Sarcotragus spinosulus
Cnidaria,Anthozoa,Zoantharia,Parazoanthidae,Savalia,Savalia savaglia
Porifera,Demospongiae,Dictyoceratida,Thorectidae,Scalarispongia,Scalarispongia scalaris
Annelida,Polychaeta,[unassigned] Sedentaria,Scalibregmatidae,Scalibregma,Scalibregma inflatum
Arthropoda,Thecostraca,Scalpellomorpha,Scalpellidae,Scalpellum,Scalpellum scalpellum
Arthropoda,Malacostraca,Mysida,Mysidae,Schistomysis,Schistomysis assimilis
Arthropoda,Malacostraca,Mysida,Mysidae,Schistomysis,Schistomysis kervillei
Arthropoda,Malacostraca,Mysida,Mysidae,Schistomysis,Schistomysis ornata
Arthropoda,Malacostraca,Mysida,Mysidae,Schistomysis,Schistomysis parkeri
Arthropoda,Malacostraca,Mysida,Mysidae,Schistomysis,Schistomysis spiritus
Echinodermata,Asteroidea,Forcipulatida,Asteriidae,Sclerasterias,Sclerasterias richardi
Arthropoda,Malacostraca,Decapoda,Crangonidae,Sclerocrangon,Sclerocrangon boreas
Annelida,Polychaeta,Spionida,Spionidae,Scolelepis,Scolelepis bonnieri
Annelida,Polychaeta,Spionida,Spionidae,Scolelepis,Scolelepis foliosa
Annelida,Polychaeta,Spionida,Spionidae,Scolelepis,Scolelepis squamata
Annelida,Polychaeta,Eunicida,Lumbrineridae,Scoletoma,Scoletoma fragilis
Annelida,Polychaeta,[unassigned] Sedentaria,Orbiniidae,Scoloplos,Scoloplos armiger
Arthropoda,Malacostraca,Amphipoda,Scopelocheiridae,Scopelocheirus,Scopelocheirus hopei
Mollusca,Bivalvia,Cardiida,Semelidae,Scrobicularia,Scrobicularia plana
Arthropoda,Malacostraca,Decapoda,Scyllaridae,Scyllarides,Scyllarides latus
Arthropoda,Thecostraca,Balanomorpha,Balanidae,Semibalanus,Semibalanus balanoides
Mollusca,Bivalvia,Arcida,Arcidae,Senelia,Senilia senilis
Mollusca,Cephalopoda,Sepiida,Sepiidae,Sepia,Sepia elegans
Mollusca,Cephalopoda,Sepiida,Sepiidae,Sepia,Sepia officinalis
Mollusca,Cephalopoda,Sepiida,Sepiolidae,Sepietta,Sepietta oweniana
Mollusca,Cephalopoda,Sepiida,Sepiolidae,Sepiola,Sepiola atlantica
Annelida,Polychaeta,Phyllodocida,Sigalionidae,Sigalion,Sigalion mathildae
Mollusca,Gastropoda,[unassigned] Pulmonata,Siphonariidae,Siphonaria,Siphonaria pectinata
Bryozoa,Gymnolaemata,Cheilostomatida,Smittinidae,Smittina,Smittina cervicornis
Mollusca,Bivalvia,Adapedonta,Solenidae,Solen,Solen marginatus
Cnidaria,Anthozoa,Scleractinia,Caryophylliidae,Solenosmilia,Solenosmilia variabilis
Echinodermata,Echinoidea,Camarodonta,Toxopneustidae,Sphaerechinus,Sphaerechinus granularis
Mollusca,Bivalvia,Myoida,Myidae,Sphenia,Sphenia binghami
Annelida,Polychaeta,Spionida,Spionidae,Spio,Spio decorata
Annelida,Polychaeta,Spionida,Spionidae,Spio,Spio filicornis
Annelida,Polychaeta,Spionida,Spionidae,Spio,Spio goniocephala
Annelida,Polychaeta,Spionida,Spionidae,Spio,Spio martinensis
Annelida,Polychaeta,Spionida,Spionidae,Spiophanes,Spiophanes bombyx
Annelida,Polychaeta,Sabellida,Serpulidae,Spirobranchus,Spirobranchus lamarcki
Annelida,Polychaeta,Sabellida,Serpulidae,Spirobranchus,Spirobranchus triqueter
Arthropoda,Malacostraca,Decapoda,Thoridae,Spirontocaris,Spirontocaris lilljeborgii
Annelida,Polychaeta,Sabellida,Serpulidae,Spirorbis,Spirorbis corallinae
Annelida,Polychaeta,Sabellida,Serpulidae,Spirorbis,Spirorbis inornatus
Annelida,Polychaeta,Sabellida,Serpulidae,Spirorbis,Spirorbis rupestris
Annelida,Polychaeta,Sabellida,Serpulidae,Spirorbis,Spirorbis spirorbis
Annelida,Polychaeta,Sabellida,Serpulidae,Spirorbis,Spirorbis tridentatus
Mollusca,Bivalvia,[unassigned] Heterodonta,Mactridae,Spisula,Spisula elliptica
Mollusca,Bivalvia,[unassigned] Heterodonta,Mactridae,Spisula,Spisula solida
Mollusca,Bivalvia,[unassigned] Heterodonta,Mactridae,Spisula,Spisula subtruncata
Porifera,Demospongiae,Dictyoceratida,Spongiidae,Spongia,Spongia lamella
Porifera,Demospongiae,Dictyoceratida,Spongiidae,Spongia,Spongia officinalis
Porifera,Demospongiae,Dictyoceratida,Spongiidae,Spongia,Spongia zimocca
Mollusca,Gastropoda,Nudibranchia,Aeolidiidae,Spurilla,Spurilla neapolitana
Arthropoda,Malacostraca,Stomatopoda,Squillidae,Squilla,Squilla mantis
Arthropoda,Malacostraca,Amphipoda,Stegocephalidae,Stegocephalus,Stegocephalus inflatus
Mollusca,Gastropoda,Trochida,Trochidae,Steromphala,Steromphala cineraria
Mollusca,Gastropoda,Trochida,Trochidae,Steromphala,Steromphala umbilicalis
Mollusca,Gastropoda,Neogastropoda,Muricidae,Stramonita,Stramonita haemastoma
Annelida,Polychaeta,Spionida,Spionidae,Streblospio,Streblospio benedicti
Annelida,Polychaeta,Spionida,Spionidae,Streblospio,Streblospio shrubsolii
Annelida,Polychaeta,Phyllodocida,Syllidae,Streptosyllis,Streptosyllis websteri
Echinodermata,Echinoidea,Camarodonta,Strongylocentrotidae,Strongylocentrotus,Strongylocentrotus droebachiensis
Echinodermata,Echinoidea,Camarodonta,Strongylocentrotidae,Strongylocentrotus,Strongylocentrotus pallidus
Chordata,Ascidiacea,Stolidobranchia,Styelidae,Styela,Styela clava
Chordata,Ascidiacea,Stolidobranchia,Styelidae,Styela,Styela plicata
Cnidaria,Anthozoa,Alcyonacea,Plexauridae,Swiftia,Swiftia pallida
Porifera,Calcarea,Leucosolenida,Syconidae,Sycon,Sycon ciliatum
Arthropoda,Malacostraca,Amphipoda,Oedicerotidae,Synchelidium,Synchelidium maculatum
Arthropoda,Malacostraca,Amphipoda,Talitridae,Talitrus,Talitrus saltator
Arthropoda,Malacostraca,Amphipoda,Tanaididae,Tanais,Tanais dulongii
Porifera,Demospongiae,Poecilosclerida,Tedaniidae,Tedania,Tedania anhelans
Mollusca,Bivalvia,Venerida,Montacutidae,Tellimya,Tellimya ferruginosa
Mollusca,Gastropoda,Nudibranchia,Trinchesiidae,Tenellia,Tenellia adspersa
Annelida,Polychaeta,Terebellida,Trichobranchidae,Terebellides,Terebellides stroemii
Brachiopoda,Rhynchonellata,Terebratulida,Cancellothyrididae,Terebratulina,Terebratulina retusa
Mollusca,Bivalvia,Myida,Teredinidae,Teredo,Teredo furcifera
Mollusca,Bivalvia,Myida,Teredinidae,Teredo,Teredo navalis
Mollusca,Gastropoda,[unassigned] Pulmonata,Lottiidae,Testudinalia,Testudinalia testudinalis
Annelida,Polychaeta,Terebellida,Cirratulidae,Tharyx,Tharyx killariensis
Annelida,Polychaeta,Terebellida,Terebellidae,Thelepus,Thelepus cincinnatus
Annelida,Polychaeta,Terebellida,Terebellidae,Thelepus,Thelepus setosus
Mollusca,Bivalvia,[unassigned] Heterodonta,Thraciidae,Thracia,Thracia convexa
Mollusca,Bivalvia,[unassigned] Heterodonta,Thraciidae,Thracia,Thracia phaseolina
Mollusca,Bivalvia,[unassigned] Heterodonta,Thraciidae,Thracia,Thracia pubescens
Mollusca,Bivalvia,Lucinoida,Thyasiridae,Thyasira,Thyasira flexuosa
Mollusca,Polyplacophora,Chitonida,Tonicellidae,Tonicella,Tonicella marmorea
Mollusca,Gastropoda,Trochida,Phasianellidae,Tricolia,Tricolia pullus
Mollusca,Gastropoda,Neogastropoda,Nassariidae,Tritia,Tritia reticulata
Arthropoda,Malacostraca,Amphipoda,Tryphosidae,Tryphosa,Tryphosa nana
Cnidaria,Hydrozoa,Anthoathecata,Tubulariidae,Tubularia,Tubularia indivisa
Mollusca,Gastropoda,[unassigned] Caenogastropoda,Turritellidae,Turritellinella,Turritellinella tricarinata
Arthropoda,Malacostraca,Isopoda,Tylidae,Tylos,Tylos europaeus
Cnidaria,Anthozoa,Pennatulacea,Umbellulidae,Umbellula,Umbellula encrinus
Arthropoda,Malacostraca,Decapoda,Upogebiidae,Upogebia,Upogebia deltaura
Arthropoda,Malacostraca,Decapoda,Upogebiidae,Upogebia,Upogebia pusilla
Arthropoda,Malacostraca,Decapoda,Upogebiidae,Upogebia,Upogebia stellata
Arthropoda,Malacostraca,Decapoda,Upogebiidae,Upogebia,Upogebia tipica
Arthropoda,Malacostraca,Amphipoda,Urothoidae,Urothoe,Urothoe brevicornis
Arthropoda,Malacostraca,Amphipoda,Urothoidae,Urothoe,Urothoe marina
Arthropoda,Malacostraca,Amphipoda,Urothoidae,Urothoe,Urothoe poseidonis
Mollusca,Bivalvia,Myida,Corbulidae,Varicorbula,Varicorbula gibba
Mollusca,Bivalvia,Venerida,Veneridae,Venerupis,Venerupis corrugata
Mollusca,Bivalvia,Venerida,Veneridae,Venus,Venus verrucosa
Mollusca,Gastropoda,Littorinimorpha,Vermetidae,Vermetus,Vermetus triquetrus
Arthropoda,Thecostraca,Verrucomorpha,Verrucidae,Verruca,Verruca stroemia
Cnidaria,Anthozoa,Alcyonacea,Ellisellidae,Viminella,Viminella flagellum
Cnidaria,Anthozoa,Pennatulacea,Virgulariidae,Virgularia,Virgularia mirabilis
Arthropoda,Thecostraca,Scalpellomorpha,Scalpellidae,Weltnerium,Weltnerium stroemii
Arthropoda,Malacostraca,Amphipoda,Oedicerotidae,Westwoodilla,Westwoodilla caecula
Mollusca,Bivalvia,Myida,Xylophagidae,Xylophaga,Xylophaga atlantica
Mollusca,Bivalvia,Nuculanida,Yoldiidae,Yoldia,Yoldia hyperborea
Mollusca,Bivalvia,Nuculanida,Yoldiidae,Yoldia,Yoldia limatula
Mollusca,Gastropoda,Nudibranchia,Paracoryphellidae,Ziminella,Ziminella salmonacea
Mollusca,Bivalvia,Myida,Pholadidae,Zirfaea,Zirfaea crispata
